,name,rating,address,phone
0,Atre driving school,5.0,"Prabhat Road kanchan lane near Hotel wadeshwar.opp Kanchan Gauri society &, Kothrud opp.Ghar sansar shop c/o MLA Mokate office.chavan theatre, Maharashtra 411004",070588 70588
1,Sunshine Motor Driving School,4.9,"Dhayarkar Wada, SN. 405A, Shop no 1, near Saibaba mandir, Somwar Peth, Pune, Maharashtra 411011",085529 29660
2,New Om Car Driving School,5.0,"Shop No 6, 55 Sukhniwas Mangalwar Peth, 15 August Chowk, Railway Station Rd, Pune, Maharashtra 411011",095611 47519
3,New Akshay Motor Driving School,4.7,"Shop No 02, 524, Daruwala Pool Rd, opp. Yash Medical, Rasta Peth, Pune, Maharashtra 411011",nan
4,"Maruti Driving School, Ace Kudale Car Pvt.Ltd.",4.9,"School, 132, Dandekar Pool, Vijaya Laxman Bldg, next to Sane Guruji, Pune, Maharashtra 411030",077220 88882
5,Shri Saisiddhi Motor Driving School,4.9,"G Building Shop no 2 Aloknagri 1305, Kasba Peth, Pune, Maharashtra 411011",090110 76445
6,S K Lady's 2 weelar Driving school,4.8,"186, Porwal Metallica, Rasta Peth, Pune, Maharashtra 411011",098606 09131
7,Shree Mahesh motor driving school,4.8,"shop no 1, Amrale building, Mhasoba chowk, opposite Rohan dairy, Dattawadi, Pune, Maharashtra 411030",090755 21234
8,Mudra Motor Driving School in Pune,5.0,"Chintamani Apartment, 722/AB/3, Lal Bahadur Shastri Rd, near unioun bank, Navi Peth, Narayan Peth, Pune, Maharashtra 411030",089835 35552
9,KESARI MOTOR DRIVING SCHOOL,5.0,"Shop No 12B, Media Park, Sr.No 66B/2, Bhagwan Tatyasaheb Kawade Rd, Ghorpadi, Pune, Maharashtra 411001",083908 08874
10,Avadhoot Motor Driving School,5.0,"159 RAMKUNJ KELKAR ROAD, 30, Narayan Peth, Pune, Maharashtra 411030",nan
11,Drive Concept Motor Driving Solution,4.9,"Sr. No. 123, Shivdarshan Society, Shop No. A-03, Opp. PVG Muktangan Highschool, 8, Shiv Darshan Rd, Parvati, Sahakar Nagar, Pune, Maharashtra 411009",077984 42299
12,Sai Motor Driving School,4.8,"1970 Rukmini Niwas, opposite होटल गिरिजा, Madiwale Colony, Sadashiv Peth, Pune, Maharashtra 411030",097667 78767
13,Maharashtra Motor Driving School,4.1,"Sahydri Bangla, Petrol Pump Shejari, Sus, Pune, Maharashtra 411021",098819 87537
14,Dr. Drive| Driving School| Motor Driving School| RTO Works| RTO Services| Two wheeler Traning,4.9,"Shop No-16, Shrushti Society, DP Rd, near Mahalaxmi Hall, Chintamani Paradise, Kothrud, Pune, Maharashtra 411038",088579 36161
15,Maulikrupa Motor Driving School,5.0,"SHOP NO 6, Reu Residency, near CHARCH AND AMBIKA GAS AGENCY, Rajyog Society, Warje, Pune, Maharashtra 411058",090118 55321
16,Vijaya Motor Driving School,4.8,"Off Paud Phata Rd, Pandurang Colony, Erandwane, Pune, Maharashtra 411004",097678 74242
17,NITIN MOTOR DRIVING SCHOOL,4.8,"Shop no.7 saarthi shilp society, behind eklavya college, Pune, Maharashtra 411038",098901 55663
18,ARJUN MOTOR DRIVING SCHOOL,4.6,"Shop no. 8, Mount Vert Arcade, Pashan - Sus Rd, near IDBI BANK, Pashan, Pune, Maharashtra 411021",082758 83227
19,Apte Motor School,4.7,"461/3,1st floor, TCG Square, Lokmanya Bal Gangadhar Tilak Rd, opp. Alka Talkies, पंतांचा गोट, Pantancha Gate, Sadashiv Peth, Pune, Maharashtra 411030",087675 52021
20,Galaxy Motor Driving School,4.9,"Shop no 1&2 Meghali Apts, Lane Number 2, Dahanukar Colony, Kothrud, Pune, Maharashtra 411038",098233 12394
21,Shri Ganraj Motor Driving School,4.6,"Shop No 5, Kent Exclusive, Vitthal Rao Shivarkar Rd, opp. Bank of Maharashtra, Parmar Nagar, Wanwadi, Pune, Maharashtra 411040",088888 84934
22,Modern Driving School,4.9,"Police Chowky, 2183, nr. Poolgate, New Modikhana, Camp, Pune, Maharashtra 411001",099605 55503
23,Rajnil Motor Training School,4.7,"Shop No-4, Gulab Vihar Bldg, Prosperity Society, Vitthal Mandir Rd, opp. Bank of India, Hingne Budrukh, Karve Nagar, Pune, Maharashtra 411052",098906 46382
24,Kartiki Motor Driving School,4.9,"Kanchangauri, b9, Rambaug Colony Rd, Shivtirthanagar, Akhil Shivtirth Nagar Colony, Kothrud, Pune, Maharashtra 411038",098221 87126
25,Bansal Motor Driving School,4.7,"Shop no. 10, Mahada Shopping Complex, Alandi Rd, near new rto, Phulenagar, Yerawada, Pune, Maharashtra 411016",098811 15187
26,SIDDHANT DRIVING SCHOOL,4.6,"Shop No-10, next to Bishops School, near Chitale Bandhu shop, Gera-77, Palace View Society, Kalyani Nagar, Pune, Maharashtra 411006",095615 96455
27,Misal Motor Driving School,5.0,"16A, Haji Kadirbhai Satarkar Marg, Sandesh Society, Burhanj Baug-B Colony, Market Yard, Gultekadi, Pune, Maharashtra 411037",nan
28,DEEP SAI MOTOR DRIVING SCHOOL,4.5,"Shop no C1 Ushakala society Model Colony Deep bunglow Chowk, Shivajinagar, Pune, Maharashtra 411016",078430 49199
29,GANRAJ MOTOR DRIVING SCHOOL,4.6,"N Main Rd, C1, A Ln, 18/A, Ragvilas Society, Koregaon Park, Pune, Maharashtra 411001",098600 75642
30,Venkatesha Prasanna Motor Driving School,4.7,"Shop No 14 Royal Arcade, Sr.No. 43, 152, Bhau Patil Rd, Bopodi, Pune, Maharashtra 411020",084461 11900
31,OM NARSINHA MOTOR DRIVING SCHOOL,5.0,"SHOP NO. 15 SURBHI COMPLEX, Yerawada, Pune, Maharashtra 411006",098223 89883
32,Jadhav Motor Training School,4.5,"Sacred Heart Town, 0PP MACDONALDS, next to Oriental BANK of Commerce, Wanowrie, Pune, Maharashtra 411040",092255 44333
33,Suyash Driving Academy,5.0,"Bhagyashree Building, Chapekar Rasta, Kadolkar Colony, Mukund Nagar, Pune, Maharashtra 411037",080070 01666
34,Mulik Motor Driving School,4.9,"Shop Number 3 Behind Alandi Road, 15, FISH MARKET, Vishrant Society, Vishrantwadi, Pune, Maharashtra 411015",086052 37007
35,New Shourya Motor Driving School,4.9,"Shop Number.1, Sai Sayali Apartment, near Sangam Chowk, Shastri Nagar, Kothrud, Pune, Maharashtra 411038",098227 67726
36,Message Motor Driving School,4.9,"Survey No. 34, Shop No. 5, Venkateshwara Homes, Nilgiri Road, Ambegaon, Opp Ganesh Super Market, Pune, Maharashtra 411046",098238 92111
37,Kale Motor,4.7,"721/21, Senadatt Police Chowky Shojari, Senadutta Peth, Navi Peth, Sadashiv Peth, Pune, Maharashtra 411030",075170 54797
38,Classic Motor Training School,4.4,"460, Centre Street (Bhopla chowk, behind Kohinoor Hotel, Camp, Pune, Maharashtra 411001",093711 61601
39,Surbhi Motor Driving School,4.8,"Gitanjali Apartment , Below Vintage 7, Nr Medipoint Hospital, New DP Rd, Aundh, Pune, Maharashtra 411007",089561 40977
40,Om Motor Driving School Pune,4.9,"Shop No 12A, Gera Landmark, opp. Kalyani Bunglow, near ICIC Bank & IRANI Cafe, Nilanjali Society, Kalyani Nagar, Pune, Maharashtra 411006",097663 73737
41,Virendra Motor Driving School,4.6,"Kumar Park D Wing, 10, Bibwewadi Kondhwa Rd, Market Yard, Gultekadi, Pune, Maharashtra 411037",098909 13491
42,Shree Swaraj Motor Driving School,4.9,"No 19/2, Shop No. 8, Sunshree Suntec, S, 20/1, NIBM Rd, Kondhwa, Pune, Maharashtra 411048",nan
43,Shriram motor driving school,5.0,"Smita Heights , Co-Operative Housing Society, Lane Number 4, Paud Road, Ramkrishna Paramhans Nagar, Kothrud, Pune, Maharashtra 411038",098223 73322
44,Samarth Motor Driving School,4.8,"Shop No 1, Avdhoot Heights, Chowk Opp.Santosh Hall, Sinhgad Rd, near bank of maharashtra, Anand Nagar, Pune, Maharashtra 411051",098500 21976
45,Yogiraj Driving School,5.0,"20/1 Punyainagar dhaneshwar colony prawara building, flat 5 k k market road, gate, Street No. 1, opp. K K market, Dhankawadi, Pune, Maharashtra 411043",099219 68525
46,KALESHWARI MOTOR DRIVING SCHOOL,5.0,"Yashashree Aptment . Flat no 104 sarve no 34/2 Road, 10 C, Vidyanagar, near morya uddyan, Tingre Nagar, Pune, Maharashtra 32",097659 66477
47,New Mauli motor Driving School,5.0,"Raghunandan Nivas, near Jadhav Haveli, Jadhav Nagar, Vadgaon BK, Pune, Maharashtra 411041",097630 71872
48,MyABC Motor Driving School,4.3,"Shop No. 4, Lane, Sinhgad Rd, opp. Brahma Hotel, Ganesh Complex, Manik Baug, Anand Nagar, Pune, Maharashtra 411051",099752 80995
49,Misal Motor Driving School,5.0,"GANGA DHAM PHASE-2, S. No 614, Gangadham Phase 1, Shop no 8A Dhanganga Business Centre Ground Floor Marketyard, Pune, Maharashtra 411037",090216 00951
50,Jagdish motor driving school ambegaon,5.0,"Shop no 7, chakradhar hight, nr. shree krishna mandir, opp. to Shiv Srushti Road, Ambegaon BK, Pune, Maharashtra 411046",nan
51,Shree Guru Motor Driving School - Bibewadi,5.0,"Shop no. 14, Raskar Palace, near Regent Gym, Renuka Society, Upper Indira Nagar, Bibwewadi, Pune, Maharashtra 411037",099222 03938
52,SP DRIVING TRAINING SCHOOL,5.0,"299, Navi Khadki, Yerawada, Pune, Maharashtra 411006",080553 85572
53,Jay Ganesh Motor driving School,4.9,"Shop no 4 B wing, Datta Palace, Pan Card Club Rd, near Datta Mandir, Baner, Pune, Maharashtra 411045",098238 14888
54,DriveEzy Motor Driving School,5.0,"Shop no.20b, Jayganesh plaza, iscon temple chowk, near Kanha Veg Hotel, Kondhwa Budruk, Pune, Maharashtra 411048",099212 10015
55,Mahesh Motor Driving School,4.7,"Shop no-6, Gangadham Collidium-1, Aaimata Mandir Road. Pune-411037, Market Yard, Pune, Maharashtra 411037",077209 11234
56,Maruti Driving School,4.8,"S No.-458, 1, Dhotre Path, opposite Om Super Market, Model Colony, Shivajinagar, Pune, Maharashtra 411016",nan
57,Mahesh Motor Driving School,4.8,"Sr No-84,Manik Moti Complex, C Building, Shop No-4,Katraj,Pune, Pune, Maharashtra 411046",088058 21234
58,Baheti Motor Driving School,4.8,"Office No.102 Gulab Pavillion Sr. No. 657, Shivaji Nagar, Deccan Gymkhana, Pune, Maharashtra 411004",098900 85383
59,REHAN MOTOR DRIVING SCHOOL (p&d point),4.4,"A4 autos, Suswani complex, Kondhwa, Pune, Maharashtra 411048",099199 16323
60,Sonhira Motor Driving School Katraj,4.6,"Shop No 7 Payal Apartment, Near Cosmos Bank, Bhararti Vidyapeeth, Dattanagar Rd, Katraj, Pune, Maharashtra 411046",090967 68607
61,Mahesh Motor Driving School,4.7,"Shop no-6, Gangadham Collidium-1, Aaimata Mandir Road. Pune-411037, Market Yard, Pune, Maharashtra 411037",077209 11234
62,Shree Sainath Motor Driving School Dhanori,4.9,"Shop No. 18, BLOCK-A, Madhav Nagar, Dhanori, Pune, Maharashtra 411015",089759 70596
63,Maruti Driving School,4.8,"S No.-458, 1, Dhotre Path, opposite Om Super Market, Model Colony, Shivajinagar, Pune, Maharashtra 411016",nan
64,REHAN MOTOR DRIVING SCHOOL (p&d point),4.4,"A4 autos, Suswani complex, Kondhwa, Pune, Maharashtra 411048",099199 16323
65,Mahesh Motor Driving School,4.8,"Sr No-84,Manik Moti Complex, C Building, Shop No-4,Katraj,Pune, Pune, Maharashtra 411046",088058 21234
66,Babloo Jain Motor Driving School,4.8,"Salisbury Park, Market Yard, Haveli, Pune, Maharashtra 411037",nan
67,Classic Motor Training School,4.5,"C1/22, Bramha Estate, Near Jyoti Hotel, NIBM Road,, Kondhwa,, Pune, Maharashtra 411048",095958 61601
68,Mukund -The Driving School Instructor,5.0,"Flora, D-20, Aditya Garden City, Warje, Pune, Maharashtra 411058",098604 89036
69,Jagdish Motor Driving School Warje,5.0,"Raghunandan Plaza, Sobhapuram society, Warje, Pune, Maharashtra 411058",096044 04142
70,Sonhira Motor Driving School Katraj,4.6,"Shop No 7 Payal Apartment, Near Cosmos Bank, Bhararti Vidyapeeth, Dattanagar Rd, Katraj, Pune, Maharashtra 411046",090967 68607
71,Baheti Motor Driving School,4.8,"Office No.102 Gulab Pavillion Sr. No. 657, Shivaji Nagar, Deccan Gymkhana, Pune, Maharashtra 411004",098900 85383
72,Trishul Motor Driving School,4.1,"Shop No:4, Shirine Garden, Aundh, Pune, Maharashtra 411007",098509 95617
73,GREENCITY MOTOR DRIVING SCHOOL,5.0,"Laxmi sadan, Lee Showroom building, Jangali Maharaj Rd, in front of Sai Service Petrol Pump, Deccan Gymkhana, Pune, Maharashtra 411004",074475 59955
74,SHIVANI MOTOR DRIVING SCHOOL,4.7,"L- square bullding, Porwal Rd, Lohegaon, Pune, Maharashtra 411047",098238 83829
75,Rakesh Private Car Driving Instructor,4.9,"Bibwewadi Kondhwa Rd, Phase 1, Ganga Dham, Pune, Maharashtra 411037",073872 00011
76,NEW BHARATIS DRIVING SCHOOL,4.9,"Shop no 3 DSK vishw road Savitri Audumber A wing building, Dhayari, Pune, Maharashtra 411041",097622 22203
77,Ganesh motor driving school,4.9,"A18, Dhanori-Lohegaon Rd, Madhav Nagar, Dhanori, Pune, Maharashtra 411015",nan
78,Vishwa motor driving school,4.9,"Garmal, Dhayari Phata, Pune, Maharashtra 411041",097668 62954
79,Kale Motor School,4.0,"MANGALMURTI COMPLEX, 117/A/2, Sinhgad Rd, near Old Big Bazar, Dattawadi, Pune, Maharashtra 411030",098225 69078
80,ANKUSHE MOTOR DRIVING SCHOOL,4.8,"Survey No 38, Kharadkar Nagar, Wadgaon Sheri Rd, nr. Vinayak Hospital, Sainikwadi, Wadgaon Sheri, Pune, Maharashtra 411014",077968 48539
81,L K Motor Driving School,4.4,"Swapnashobha, Archana Apt. Shop no. 1, Opp. Phule Ganapati Baugh, Dattawadi, Pune, Maharashtra 411030",079727 15426
82,Car Care,5.0,"715/A , BUDHWAR PETH BEHIND SHANIWAR WADA, NEAR, Sakal Press Ln, next to H.V. DESAI COLLEGE, Pune, Maharashtra 411030",nan
83,Personal Car Trainer,5.0,"Gaikwad Niwas,survey no 59/2 B shivganesh colony, Rahatani, Pune, Maharashtra 411017",095527 45602
84,Neville Car Driving Instructor (Personal Driving Instructor),4.9,"NIBM Rd, Kondhwa, Pune, Maharashtra 411048",098902 03398
85,Om Motor Driving School,5.0,"Maruti Mandir, Near, Hill View Terrace Soc, Shop No. 4 City Serve No. 161, Bibwewadi, Gaonthan, Maharashtra 411037",098606 05757
86,Swara Motor Driving School,4.7,"Porwal Park, Shop No 6, Sanjana Height, Tank Rd, Yerawada, Pune, Maharashtra 411006",099232 71115
87,Sankalp Motor Driving School,4.8,"shop no, Abalon blinding, 2, Narhe Ambegaon Rd, near janta shkari bank, Dattanagar, Pune, Maharashtra 411046",084214 93130
88,Mahesh motor driving school,4.9,"First Flower, Siddhivinayak Heights, Balaji Nagar, Pune, Maharashtra 411043",098224 01234
89,SARNAIK DRIVING SCHOOL,4.4,"Shivparvati Complex, Shop no.4,Sinhgad Road,Nanded phata,Sinhgad Road, Pune, Maharashtra 411041",098813 33225
90,Jagdish Motor Driving School,4.9,"Sutar complex, Dhayari Narhe Rd, opp. siddhi lawns, near Zeal College, Narhe, Pune, Maharashtra 411041",096044 04142
91,Anil Motor Driving School,3.9,"Ganga Complex, 28, Airport Rd, Yerawada, Pune, Maharashtra 411006",088883 88357
92,Kumbhar Motor Driving School,5.0,"1, Ward No. 8, Aundh Gaon, Aundh, Pune, Maharashtra 411007",098508 43427
93,Eklavya Motor Driving School,4.7,"Shop No 9,Building No.1, Vijay Mahal Society, near Gujrat Dairy, Salisbury Park, Pune, Maharashtra 411037",098223 43504
94,PRAVIN MOTOR DRIVING SCHOOL,5.0,"SHop no 02 Kanta Heights, Bhumkar Chowk, Narhe, Pune, Maharashtra 411041",070661 12003
95,Krishna Motor Driving School,4.8,"Shop No. 10, Shree Mangal Palace, Sinhgad Rd, Manik Baug, Anand Nagar, Pune, Maharashtra 411051",074987 99648
96,Xpert Motor Driving school,3.9,"Kausar Baug Masjid, NIBM Rd, opp. Kumar Pushpak, next to Smile Care Dental Clinic, Kondhwa, Pune, Maharashtra 411048",078759 33444
97,Saraswati Motor Driving School,4.9,"Hadapsar Rd, nr. Gynam School, Wadkar Mala, Sai Colony, Hadapsar, Pune, Maharashtra 411028",088301 95903
98,Maruti Driving School - Magarpatta City ( The Kothari Wheels ),4.9,"Shop No F, Destination Center, 55, DC Rd, above Morya Medical Shop, Magarpatta, Hadapsar, Pune, Maharashtra 411028",084118 12233
99,Rugved Motor Driving School,4.9,"SR No 36 Shree Krupa Shrusti Society Jambhulwadi road, Katraj - Ambegaon BK Rd, Pune, Maharashtra 411046",nan
100,More Motor Driving School,4.6,"Shahu Colony, Lane no 7, Plot no 23B, Sadguru Krupa, Karvenagar, Pune, Maharashtra 411052",094223 18899
101,Jai Guru Motor Driving School,3.5,"Shop No10, Easter Court, Bhagwan Tatyasaheb Kawade Rd, Ghorpadi, Pune, Maharashtra 411001",086009 97961
102,Abhay Motor Driving School,5.0,"Shop No. 5, Silver Arch, Lane Number 3, Shantibramha Society, Chandralok Nagari, Dahanukar Colony, Kothrud, Pune, Maharashtra 411038",nan
103,Sharma Motor Driving School,4.8,"110, near Police Chowky, Ghorpade Peth, Swargate, Pune, Maharashtra 411042",093710 22193
104,VINAYAK MOTOR DRIVING SCHOOL,4.4,"Shop No 3, Satav Hall, Padmavati Sahakar Nagar Rd, nr. Shinde Highschool, Pune, Maharashtra 411037",095273 74551
105,NEW Walunj Motor Driving School,5.0,"shop No, Sangale complex, 2, Paud Rd, near jay malahar gas Maharashtra bank, Bhugaon, Pune, Maharashtra 412115",077690 29048
106,Sai Ram Motor Driving School,4.8,"Sai Plaza, Satav Vasti, Survey 43/1, Rakshak Nagar Rd, near Gulmohar City, Kharadi, Pune, Maharashtra 411014",096895 12652
107,New Shree Sainath Driving School lohegon,5.0,"Shop No. 1, near Moje Petrol Pump, Shivnagar Chirke Colony, Lohegaon, Pune, Maharashtra 411047",077750 88754
108,UNIQUE MOTOR DRIVING SCHOOL,5.0,"SHOP NO. 2, Siddhi Aangan, Handewadi Rd, next to JSPM COLLEGE, Satar Nagar, Hadapsar, Pune, Maharashtra 411028",098236 17151
109,Suyash driving academy,5.0,"Sarita vaibhav B7/16, Sinhgad Rd, opp. phula deshpande garden, Pune, Maharashtra 411030",098815 34525
110,New Nikhil Motor Driving School,4.2,"Garmala, Sr No 147/2/4/6/8, Dhayari, Dhayari, Pune, Maharashtra 411041",098229 58499
111,Bhavana Motor Driving School,3.4,"Plot No.19, Golf Club Rd, Opp Audyogik School, Ganesh Nagar, Yerawada, Pune, Maharashtra 411006",099702 23690
112,Anil Motors (Anil motor driving school),3.9,"Lane Number 13-D, Tinger nagar, Vidyanagar, Dhanori, Pune, Maharashtra 411032",088883 88357
113,New Om Driving School,4.7,"Downtown Xenia building shop no 14 world tried center road kharadi, Kharadi, Pune, Maharashtra 411014",088307 01088
114,Uday Driving School ( UDS ),4.2,"Shop No 107, Purple Plaza, Chaitaraban, Lake Town, Bibvewadi, above Celebration Hotel (Map, Mahalaxmi Nagar, Balaji Nagar, Pune, Maharashtra 411037",098225 35577
115,SAGAR MOTOR DRIVING SCHOOL,5.0,"shop 3, Vishrantwadi A-96 Manali Apartments, near BRT BUSTOP, Kasturba Housing Society, Maharashtra 411015",098902 27422
116,Kale Motor School,3.7,"721/22, Senadatta Peth, Opposite Bhide Hospital, Navi Peth, Navi Peth, Pune, Maharashtra 411030",nan
117,Aarambh Motor Driving School,5.0,"3, Sankalp Building, Gram Panchayat Rd, near Ganpati Mandir, behind Poonam Petrol Pump, Mangdewadi, Katraj, Pune, Maharashtra 411046",090495 51001
118,HARE KRISHNA MOTOR DRIVING SCHOOL SINCE 2005,4.9,"Tukai Darshan, Sr. No. 207, Saswad Rd, opp. Lexicon School, Fursungi, Maharashtra 412308",097648 11811
119,Suyash Driving Academy,5.0,"Shree bunglow,plot no 3, 1st floor, C/O Darshan shah, bhagyanagar society Bibwewadi kondhwa Road, Near kumar park, next to axis bank lane, Pune, Maharashtra 411037",080070 01666
120,Drive Concept Motor Driving School - Sahakar Nagar,5.0,"Shop No 10, Tirthkunj Society, Aranyeshwar Padmavati Rd, Sahakar Nagar, Parvati Paytha, Pune, Maharashtra 411009",nan
